Comment,Designator,Footprint,LCSC
"100n","C2,C3,C4,C5,C6,C7","Capacitor_SMD:C_0603_1608Metric_Pad1.08x0.95mm_HandSolder","C14663"
"MountingHole","H1,H2,H3,H4","MountingHole:MountingHole_4.3mm_M4_DIN965_Pad",""
"Conn_01x15","J1","Connector_PinSocket_1.27mm:PinSocket_1x15_P1.27mm_Vertical",""
"Conn_01x10","J2","Connector_PinSocket_1.27mm:PinSocket_1x10_P1.27mm_Vertical",""
"Conn_01x25","J3","Connector_PinHeader_2.54mm:PinHeader_1x25_P2.54mm_Vertical",""
"DB15_Female_HighDensity","J4,J5","HP_54542C_Display_Adapter:VGA",""
"1k","R1,R2,R3,R4,R5,R6,R7,R8,R9,R10,R11,R12","Resistor_SMD:R_0603_1608Metric_Pad0.98x0.95mm_HandSolder","C21190"
"430","R13,R16,R19,R22,R25,R31","Resistor_SMD:R_0603_1608Metric_Pad0.98x0.95mm_HandSolder","C23170"
"R","R14,R15,R17,R18,R20,R21,R23,R24,R26,R27,R30,R32,R33,R36","Resistor_SMD:R_0603_1608Metric_Pad0.98x0.95mm_HandSolder",""
"2","R28,R29,R34,R35","Resistor_SMD:R_0603_1608Metric_Pad0.98x0.95mm_HandSolder","C22977"
"UPduino_3.0","U1","Package_DIP:DIP-48_W15.24mm_LongPads",""
"74HC4050","U2,U3,U4,U5,U6,U7","Package_DIP:DIP-16_W7.62mm_LongPads",""