<?xml version="1.0" encoding="UTF-8"?>
<export version="E">
  <design>
    <source>/home/blackbit/src/lang/kicad/HP_54542C_Display_Adapter/HP_54542C_Display_Adapter.kicad_sch</source>
    <date>Tue 20 Dec 2022 11:14:54 PM UTC</date>
    <tool>Eeschema 6.0.9+dfsg-1</tool>
    <sheet number="1" name="/" tstamps="/">
      <title_block>
        <title>HP 545xxC LCD to VGA Adapter</title>
        <company>Alexander Huemer 2022</company>
        <rev>1</rev>
        <date>2022-12-20</date>
        <source>HP_54542C_Display_Adapter.kicad_sch</source>
        <comment number="1" value=""/>
        <comment number="2" value=""/>
        <comment number="3" value="License: CERN-OHL-P-2.0"/>
        <comment number="4" value=""/>
        <comment number="5" value=""/>
        <comment number="6" value=""/>
        <comment number="7" value=""/>
        <comment number="8" value=""/>
        <comment number="9" value=""/>
      </title_block>
    </sheet>
  </design>
  <components>
    <comp ref="C2">
      <value>100n</value>
      <footprint>Capacitor_SMD:C_0603_1608Metric_Pad1.08x0.95mm_HandSolder</footprint>
      <fields>
        <field name="LCSC">C14663</field>
      </fields>
      <libsource lib="Device" part="C" description="Unpolarized capacitor"/>
      <property name="LCSC" value="C14663"/>
      <property name="Sheetname" value=""/>
      <property name="Sheetfile" value="HP_54542C_Display_Adapter.kicad_sch"/>
      <sheetpath names="/" tstamps="/"/>
      <tstamps>793dd0f5-fd06-4c83-8c15-b6997d451573</tstamps>
    </comp>
    <comp ref="C3">
      <value>100n</value>
      <footprint>Capacitor_SMD:C_0603_1608Metric_Pad1.08x0.95mm_HandSolder</footprint>
      <fields>
        <field name="LCSC">C14663</field>
      </fields>
      <libsource lib="Device" part="C" description="Unpolarized capacitor"/>
      <property name="LCSC" value="C14663"/>
      <property name="Sheetname" value=""/>
      <property name="Sheetfile" value="HP_54542C_Display_Adapter.kicad_sch"/>
      <sheetpath names="/" tstamps="/"/>
      <tstamps>203ed632-3942-4e55-a007-4faa5fbbdc8c</tstamps>
    </comp>
    <comp ref="C4">
      <value>100n</value>
      <footprint>Capacitor_SMD:C_0603_1608Metric_Pad1.08x0.95mm_HandSolder</footprint>
      <fields>
        <field name="LCSC">C14663</field>
      </fields>
      <libsource lib="Device" part="C" description="Unpolarized capacitor"/>
      <property name="LCSC" value="C14663"/>
      <property name="Sheetname" value=""/>
      <property name="Sheetfile" value="HP_54542C_Display_Adapter.kicad_sch"/>
      <sheetpath names="/" tstamps="/"/>
      <tstamps>c927e857-5059-4713-b38a-f46340707e26</tstamps>
    </comp>
    <comp ref="C5">
      <value>100n</value>
      <footprint>Capacitor_SMD:C_0603_1608Metric_Pad1.08x0.95mm_HandSolder</footprint>
      <fields>
        <field name="LCSC">C14663</field>
      </fields>
      <libsource lib="Device" part="C" description="Unpolarized capacitor"/>
      <property name="LCSC" value="C14663"/>
      <property name="Sheetname" value=""/>
      <property name="Sheetfile" value="HP_54542C_Display_Adapter.kicad_sch"/>
      <sheetpath names="/" tstamps="/"/>
      <tstamps>1372c290-b8de-43e1-8547-e8a2a7f94470</tstamps>
    </comp>
    <comp ref="C6">
      <value>100n</value>
      <footprint>Capacitor_SMD:C_0603_1608Metric_Pad1.08x0.95mm_HandSolder</footprint>
      <fields>
        <field name="LCSC">C14663</field>
      </fields>
      <libsource lib="Device" part="C" description="Unpolarized capacitor"/>
      <property name="LCSC" value="C14663"/>
      <property name="Sheetname" value=""/>
      <property name="Sheetfile" value="HP_54542C_Display_Adapter.kicad_sch"/>
      <sheetpath names="/" tstamps="/"/>
      <tstamps>21ab98bf-e2ae-4c6f-b96d-03aaef820178</tstamps>
    </comp>
    <comp ref="C7">
      <value>100n</value>
      <footprint>Capacitor_SMD:C_0603_1608Metric_Pad1.08x0.95mm_HandSolder</footprint>
      <fields>
        <field name="LCSC">C14663</field>
      </fields>
      <libsource lib="Device" part="C" description="Unpolarized capacitor"/>
      <property name="LCSC" value="C14663"/>
      <property name="Sheetname" value=""/>
      <property name="Sheetfile" value="HP_54542C_Display_Adapter.kicad_sch"/>
      <sheetpath names="/" tstamps="/"/>
      <tstamps>1a7f7140-7450-4baa-8d5c-ce2b68d1023b</tstamps>
    </comp>
    <comp ref="H1">
      <value>MountingHole</value>
      <footprint>MountingHole:MountingHole_4.3mm_M4_DIN965_Pad</footprint>
      <libsource lib="Mechanical" part="MountingHole" description="Mounting Hole without connection"/>
      <property name="Sheetname" value=""/>
      <property name="Sheetfile" value="HP_54542C_Display_Adapter.kicad_sch"/>
      <sheetpath names="/" tstamps="/"/>
      <tstamps>287de1f2-16a6-4401-b6d5-45e7956251a2</tstamps>
    </comp>
    <comp ref="H2">
      <value>MountingHole</value>
      <footprint>MountingHole:MountingHole_4.3mm_M4_DIN965_Pad</footprint>
      <libsource lib="Mechanical" part="MountingHole" description="Mounting Hole without connection"/>
      <property name="Sheetname" value=""/>
      <property name="Sheetfile" value="HP_54542C_Display_Adapter.kicad_sch"/>
      <sheetpath names="/" tstamps="/"/>
      <tstamps>0913a32a-70cc-45a0-876f-05ec47edc34f</tstamps>
    </comp>
    <comp ref="H3">
      <value>MountingHole</value>
      <footprint>MountingHole:MountingHole_4.3mm_M4_DIN965_Pad</footprint>
      <libsource lib="Mechanical" part="MountingHole" description="Mounting Hole without connection"/>
      <property name="Sheetname" value=""/>
      <property name="Sheetfile" value="HP_54542C_Display_Adapter.kicad_sch"/>
      <sheetpath names="/" tstamps="/"/>
      <tstamps>edc4736d-aade-4d65-8219-d840be35d9a6</tstamps>
    </comp>
    <comp ref="H4">
      <value>MountingHole</value>
      <footprint>MountingHole:MountingHole_4.3mm_M4_DIN965_Pad</footprint>
      <libsource lib="Mechanical" part="MountingHole" description="Mounting Hole without connection"/>
      <property name="Sheetname" value=""/>
      <property name="Sheetfile" value="HP_54542C_Display_Adapter.kicad_sch"/>
      <sheetpath names="/" tstamps="/"/>
      <tstamps>df5b4573-9e81-4d69-8233-865bcdbf116f</tstamps>
    </comp>
    <comp ref="J1">
      <value>Conn_01x15</value>
      <footprint>Connector_PinSocket_1.27mm:PinSocket_1x15_P1.27mm_Vertical</footprint>
      <libsource lib="Connector_Generic" part="Conn_01x15" description="Generic connector, single row, 01x15, script generated (kicad-library-utils/schlib/autogen/connector/)"/>
      <property name="Sheetname" value=""/>
      <property name="Sheetfile" value="HP_54542C_Display_Adapter.kicad_sch"/>
      <sheetpath names="/" tstamps="/"/>
      <tstamps>92705271-2c89-4901-a96b-bacaba627677</tstamps>
    </comp>
    <comp ref="J2">
      <value>Conn_01x10</value>
      <footprint>Connector_PinSocket_1.27mm:PinSocket_1x10_P1.27mm_Vertical</footprint>
      <libsource lib="Connector_Generic" part="Conn_01x10" description="Generic connector, single row, 01x10, script generated (kicad-library-utils/schlib/autogen/connector/)"/>
      <property name="Sheetname" value=""/>
      <property name="Sheetfile" value="HP_54542C_Display_Adapter.kicad_sch"/>
      <sheetpath names="/" tstamps="/"/>
      <tstamps>621df20f-f921-407e-b9f0-726ff38b0021</tstamps>
    </comp>
    <comp ref="J3">
      <value>Conn_01x25</value>
      <footprint>Connector_PinHeader_2.54mm:PinHeader_1x25_P2.54mm_Vertical</footprint>
      <libsource lib="Connector_Generic" part="Conn_01x25" description="Generic connector, single row, 01x25, script generated (kicad-library-utils/schlib/autogen/connector/)"/>
      <property name="Sheetname" value=""/>
      <property name="Sheetfile" value="HP_54542C_Display_Adapter.kicad_sch"/>
      <sheetpath names="/" tstamps="/"/>
      <tstamps>4f74e3d0-65f4-43bf-b5c5-29dc78318c36</tstamps>
    </comp>
    <comp ref="J4">
      <value>DB15_Female_HighDensity</value>
      <footprint>HP_54542C_Display_Adapter:VGA</footprint>
      <datasheet> ~</datasheet>
      <libsource lib="Connector" part="DB15_Female_HighDensity" description="15-pin female D-SUB connector, High density (3 columns), Triple Row, Generic, VGA-connector"/>
      <property name="Sheetname" value=""/>
      <property name="Sheetfile" value="HP_54542C_Display_Adapter.kicad_sch"/>
      <sheetpath names="/" tstamps="/"/>
      <tstamps>727809fc-8999-4ab2-8f5b-914be4bf0960</tstamps>
    </comp>
    <comp ref="J5">
      <value>DB15_Female_HighDensity</value>
      <footprint>HP_54542C_Display_Adapter:VGA</footprint>
      <datasheet> ~</datasheet>
      <libsource lib="Connector" part="DB15_Female_HighDensity" description="15-pin female D-SUB connector, High density (3 columns), Triple Row, Generic, VGA-connector"/>
      <property name="Sheetname" value=""/>
      <property name="Sheetfile" value="HP_54542C_Display_Adapter.kicad_sch"/>
      <sheetpath names="/" tstamps="/"/>
      <tstamps>1f6695e7-89dd-45bc-b4e6-a99a0e0853ae</tstamps>
    </comp>
    <comp ref="R1">
      <value>1k</value>
      <footprint>Resistor_SMD:R_0603_1608Metric_Pad0.98x0.95mm_HandSolder</footprint>
      <fields>
        <field name="LCSC">C21190</field>
      </fields>
      <libsource lib="Device" part="R" description="Resistor"/>
      <property name="LCSC" value="C21190"/>
      <property name="Sheetname" value=""/>
      <property name="Sheetfile" value="HP_54542C_Display_Adapter.kicad_sch"/>
      <sheetpath names="/" tstamps="/"/>
      <tstamps>b1745099-b4cc-41f0-b115-ed235ba3541a</tstamps>
    </comp>
    <comp ref="R2">
      <value>1k</value>
      <footprint>Resistor_SMD:R_0603_1608Metric_Pad0.98x0.95mm_HandSolder</footprint>
      <fields>
        <field name="LCSC">C21190</field>
      </fields>
      <libsource lib="Device" part="R" description="Resistor"/>
      <property name="LCSC" value="C21190"/>
      <property name="Sheetname" value=""/>
      <property name="Sheetfile" value="HP_54542C_Display_Adapter.kicad_sch"/>
      <sheetpath names="/" tstamps="/"/>
      <tstamps>ed207705-f74f-4e72-a019-8d6505677ff6</tstamps>
    </comp>
    <comp ref="R3">
      <value>1k</value>
      <footprint>Resistor_SMD:R_0603_1608Metric_Pad0.98x0.95mm_HandSolder</footprint>
      <fields>
        <field name="LCSC">C21190</field>
      </fields>
      <libsource lib="Device" part="R" description="Resistor"/>
      <property name="LCSC" value="C21190"/>
      <property name="Sheetname" value=""/>
      <property name="Sheetfile" value="HP_54542C_Display_Adapter.kicad_sch"/>
      <sheetpath names="/" tstamps="/"/>
      <tstamps>b32252ed-baa1-48f1-a1b0-5ec933066505</tstamps>
    </comp>
    <comp ref="R4">
      <value>1k</value>
      <footprint>Resistor_SMD:R_0603_1608Metric_Pad0.98x0.95mm_HandSolder</footprint>
      <fields>
        <field name="LCSC">C21190</field>
      </fields>
      <libsource lib="Device" part="R" description="Resistor"/>
      <property name="LCSC" value="C21190"/>
      <property name="Sheetname" value=""/>
      <property name="Sheetfile" value="HP_54542C_Display_Adapter.kicad_sch"/>
      <sheetpath names="/" tstamps="/"/>
      <tstamps>b0c615c5-27f7-4bc4-be9d-2425a1b67e0e</tstamps>
    </comp>
    <comp ref="R5">
      <value>1k</value>
      <footprint>Resistor_SMD:R_0603_1608Metric_Pad0.98x0.95mm_HandSolder</footprint>
      <fields>
        <field name="LCSC">C21190</field>
      </fields>
      <libsource lib="Device" part="R" description="Resistor"/>
      <property name="LCSC" value="C21190"/>
      <property name="Sheetname" value=""/>
      <property name="Sheetfile" value="HP_54542C_Display_Adapter.kicad_sch"/>
      <sheetpath names="/" tstamps="/"/>
      <tstamps>d374b993-5dbc-4155-ae3a-157f7a1d7d79</tstamps>
    </comp>
    <comp ref="R6">
      <value>1k</value>
      <footprint>Resistor_SMD:R_0603_1608Metric_Pad0.98x0.95mm_HandSolder</footprint>
      <fields>
        <field name="LCSC">C21190</field>
      </fields>
      <libsource lib="Device" part="R" description="Resistor"/>
      <property name="LCSC" value="C21190"/>
      <property name="Sheetname" value=""/>
      <property name="Sheetfile" value="HP_54542C_Display_Adapter.kicad_sch"/>
      <sheetpath names="/" tstamps="/"/>
      <tstamps>b7d837db-6abe-40d1-8d00-553a857df2ac</tstamps>
    </comp>
    <comp ref="R7">
      <value>1k</value>
      <footprint>Resistor_SMD:R_0603_1608Metric_Pad0.98x0.95mm_HandSolder</footprint>
      <fields>
        <field name="LCSC">C21190</field>
      </fields>
      <libsource lib="Device" part="R" description="Resistor"/>
      <property name="LCSC" value="C21190"/>
      <property name="Sheetname" value=""/>
      <property name="Sheetfile" value="HP_54542C_Display_Adapter.kicad_sch"/>
      <sheetpath names="/" tstamps="/"/>
      <tstamps>88990144-678e-4e8b-b670-7e273a6cfe8c</tstamps>
    </comp>
    <comp ref="R8">
      <value>1k</value>
      <footprint>Resistor_SMD:R_0603_1608Metric_Pad0.98x0.95mm_HandSolder</footprint>
      <fields>
        <field name="LCSC">C21190</field>
      </fields>
      <libsource lib="Device" part="R" description="Resistor"/>
      <property name="LCSC" value="C21190"/>
      <property name="Sheetname" value=""/>
      <property name="Sheetfile" value="HP_54542C_Display_Adapter.kicad_sch"/>
      <sheetpath names="/" tstamps="/"/>
      <tstamps>9d3188fa-976a-4947-81e5-68d53ad60489</tstamps>
    </comp>
    <comp ref="R9">
      <value>1k</value>
      <footprint>Resistor_SMD:R_0603_1608Metric_Pad0.98x0.95mm_HandSolder</footprint>
      <fields>
        <field name="LCSC">C21190</field>
      </fields>
      <libsource lib="Device" part="R" description="Resistor"/>
      <property name="LCSC" value="C21190"/>
      <property name="Sheetname" value=""/>
      <property name="Sheetfile" value="HP_54542C_Display_Adapter.kicad_sch"/>
      <sheetpath names="/" tstamps="/"/>
      <tstamps>24796c99-b1a6-473c-8543-e82d86bb3114</tstamps>
    </comp>
    <comp ref="R10">
      <value>1k</value>
      <footprint>Resistor_SMD:R_0603_1608Metric_Pad0.98x0.95mm_HandSolder</footprint>
      <fields>
        <field name="LCSC">C21190</field>
      </fields>
      <libsource lib="Device" part="R" description="Resistor"/>
      <property name="LCSC" value="C21190"/>
      <property name="Sheetname" value=""/>
      <property name="Sheetfile" value="HP_54542C_Display_Adapter.kicad_sch"/>
      <sheetpath names="/" tstamps="/"/>
      <tstamps>fe4bf3bd-3e4d-4328-9a8f-d486ef62cb3b</tstamps>
    </comp>
    <comp ref="R11">
      <value>1k</value>
      <footprint>Resistor_SMD:R_0603_1608Metric_Pad0.98x0.95mm_HandSolder</footprint>
      <fields>
        <field name="LCSC">C21190</field>
      </fields>
      <libsource lib="Device" part="R" description="Resistor"/>
      <property name="LCSC" value="C21190"/>
      <property name="Sheetname" value=""/>
      <property name="Sheetfile" value="HP_54542C_Display_Adapter.kicad_sch"/>
      <sheetpath names="/" tstamps="/"/>
      <tstamps>525afa0f-653e-4442-bd1c-5ac82218eff9</tstamps>
    </comp>
    <comp ref="R12">
      <value>1k</value>
      <footprint>Resistor_SMD:R_0603_1608Metric_Pad0.98x0.95mm_HandSolder</footprint>
      <fields>
        <field name="LCSC">C21190</field>
      </fields>
      <libsource lib="Device" part="R" description="Resistor"/>
      <property name="LCSC" value="C21190"/>
      <property name="Sheetname" value=""/>
      <property name="Sheetfile" value="HP_54542C_Display_Adapter.kicad_sch"/>
      <sheetpath names="/" tstamps="/"/>
      <tstamps>03161620-eae9-4ffd-977c-55c41d892b4d</tstamps>
    </comp>
    <comp ref="R13">
      <value>430</value>
      <footprint>Resistor_SMD:R_0603_1608Metric_Pad0.98x0.95mm_HandSolder</footprint>
      <fields>
        <field name="LCSC">C23170</field>
      </fields>
      <libsource lib="Device" part="R" description="Resistor"/>
      <property name="LCSC" value="C23170"/>
      <property name="Sheetname" value=""/>
      <property name="Sheetfile" value="HP_54542C_Display_Adapter.kicad_sch"/>
      <sheetpath names="/" tstamps="/"/>
      <tstamps>54e71be6-be54-46d5-a6f7-9e710a133349</tstamps>
    </comp>
    <comp ref="R14">
      <value>R</value>
      <footprint>Resistor_SMD:R_0603_1608Metric_Pad0.98x0.95mm_HandSolder</footprint>
      <libsource lib="Device" part="R" description="Resistor"/>
      <property name="Sheetname" value=""/>
      <property name="Sheetfile" value="HP_54542C_Display_Adapter.kicad_sch"/>
      <sheetpath names="/" tstamps="/"/>
      <tstamps>167c93f9-5d3e-49ac-bec8-6b1618a700de</tstamps>
    </comp>
    <comp ref="R15">
      <value>R</value>
      <footprint>Resistor_SMD:R_0603_1608Metric_Pad0.98x0.95mm_HandSolder</footprint>
      <libsource lib="Device" part="R" description="Resistor"/>
      <property name="Sheetname" value=""/>
      <property name="Sheetfile" value="HP_54542C_Display_Adapter.kicad_sch"/>
      <sheetpath names="/" tstamps="/"/>
      <tstamps>e7bb7617-e5ed-418f-b61a-c8b2840b97ed</tstamps>
    </comp>
    <comp ref="R16">
      <value>430</value>
      <footprint>Resistor_SMD:R_0603_1608Metric_Pad0.98x0.95mm_HandSolder</footprint>
      <fields>
        <field name="LCSC">C23170</field>
      </fields>
      <libsource lib="Device" part="R" description="Resistor"/>
      <property name="LCSC" value="C23170"/>
      <property name="Sheetname" value=""/>
      <property name="Sheetfile" value="HP_54542C_Display_Adapter.kicad_sch"/>
      <sheetpath names="/" tstamps="/"/>
      <tstamps>d3f12369-0c8f-46eb-9de3-b2e0dba15de4</tstamps>
    </comp>
    <comp ref="R17">
      <value>R</value>
      <footprint>Resistor_SMD:R_0603_1608Metric_Pad0.98x0.95mm_HandSolder</footprint>
      <libsource lib="Device" part="R" description="Resistor"/>
      <property name="Sheetname" value=""/>
      <property name="Sheetfile" value="HP_54542C_Display_Adapter.kicad_sch"/>
      <sheetpath names="/" tstamps="/"/>
      <tstamps>b691e389-bfc3-4fe6-bbf7-ec5f0941b402</tstamps>
    </comp>
    <comp ref="R18">
      <value>R</value>
      <footprint>Resistor_SMD:R_0603_1608Metric_Pad0.98x0.95mm_HandSolder</footprint>
      <libsource lib="Device" part="R" description="Resistor"/>
      <property name="Sheetname" value=""/>
      <property name="Sheetfile" value="HP_54542C_Display_Adapter.kicad_sch"/>
      <sheetpath names="/" tstamps="/"/>
      <tstamps>4eb901fa-0cae-4c2f-b02d-f09f84e567c5</tstamps>
    </comp>
    <comp ref="R19">
      <value>430</value>
      <footprint>Resistor_SMD:R_0603_1608Metric_Pad0.98x0.95mm_HandSolder</footprint>
      <fields>
        <field name="LCSC">C23170</field>
      </fields>
      <libsource lib="Device" part="R" description="Resistor"/>
      <property name="LCSC" value="C23170"/>
      <property name="Sheetname" value=""/>
      <property name="Sheetfile" value="HP_54542C_Display_Adapter.kicad_sch"/>
      <sheetpath names="/" tstamps="/"/>
      <tstamps>0a707497-9a69-4f68-ac66-5009f7c5c68d</tstamps>
    </comp>
    <comp ref="R20">
      <value>R</value>
      <footprint>Resistor_SMD:R_0603_1608Metric_Pad0.98x0.95mm_HandSolder</footprint>
      <libsource lib="Device" part="R" description="Resistor"/>
      <property name="Sheetname" value=""/>
      <property name="Sheetfile" value="HP_54542C_Display_Adapter.kicad_sch"/>
      <sheetpath names="/" tstamps="/"/>
      <tstamps>30343e34-6558-46b8-aa60-3a440bea1d52</tstamps>
    </comp>
    <comp ref="R21">
      <value>R</value>
      <footprint>Resistor_SMD:R_0603_1608Metric_Pad0.98x0.95mm_HandSolder</footprint>
      <libsource lib="Device" part="R" description="Resistor"/>
      <property name="Sheetname" value=""/>
      <property name="Sheetfile" value="HP_54542C_Display_Adapter.kicad_sch"/>
      <sheetpath names="/" tstamps="/"/>
      <tstamps>7b5e38cc-9ed9-48d5-9a3c-206ad38946dd</tstamps>
    </comp>
    <comp ref="R22">
      <value>430</value>
      <footprint>Resistor_SMD:R_0603_1608Metric_Pad0.98x0.95mm_HandSolder</footprint>
      <fields>
        <field name="LCSC">C23170</field>
      </fields>
      <libsource lib="Device" part="R" description="Resistor"/>
      <property name="LCSC" value="C23170"/>
      <property name="Sheetname" value=""/>
      <property name="Sheetfile" value="HP_54542C_Display_Adapter.kicad_sch"/>
      <sheetpath names="/" tstamps="/"/>
      <tstamps>7e845898-cbcc-4206-8bd6-f1b9421e94d5</tstamps>
    </comp>
    <comp ref="R23">
      <value>R</value>
      <footprint>Resistor_SMD:R_0603_1608Metric_Pad0.98x0.95mm_HandSolder</footprint>
      <libsource lib="Device" part="R" description="Resistor"/>
      <property name="Sheetname" value=""/>
      <property name="Sheetfile" value="HP_54542C_Display_Adapter.kicad_sch"/>
      <sheetpath names="/" tstamps="/"/>
      <tstamps>15daeea2-923e-4e5e-b1a8-a72abc584cf0</tstamps>
    </comp>
    <comp ref="R24">
      <value>R</value>
      <footprint>Resistor_SMD:R_0603_1608Metric_Pad0.98x0.95mm_HandSolder</footprint>
      <libsource lib="Device" part="R" description="Resistor"/>
      <property name="Sheetname" value=""/>
      <property name="Sheetfile" value="HP_54542C_Display_Adapter.kicad_sch"/>
      <sheetpath names="/" tstamps="/"/>
      <tstamps>4c12e6a9-972e-45bb-a200-954831efcd82</tstamps>
    </comp>
    <comp ref="R25">
      <value>430</value>
      <footprint>Resistor_SMD:R_0603_1608Metric_Pad0.98x0.95mm_HandSolder</footprint>
      <fields>
        <field name="LCSC">C23170</field>
      </fields>
      <libsource lib="Device" part="R" description="Resistor"/>
      <property name="LCSC" value="C23170"/>
      <property name="Sheetname" value=""/>
      <property name="Sheetfile" value="HP_54542C_Display_Adapter.kicad_sch"/>
      <sheetpath names="/" tstamps="/"/>
      <tstamps>2cb50d8d-d4a7-4063-be2d-44c97367fa13</tstamps>
    </comp>
    <comp ref="R26">
      <value>R</value>
      <footprint>Resistor_SMD:R_0603_1608Metric_Pad0.98x0.95mm_HandSolder</footprint>
      <libsource lib="Device" part="R" description="Resistor"/>
      <property name="Sheetname" value=""/>
      <property name="Sheetfile" value="HP_54542C_Display_Adapter.kicad_sch"/>
      <sheetpath names="/" tstamps="/"/>
      <tstamps>b3c38c59-49b5-4488-9585-06bcc6d23f22</tstamps>
    </comp>
    <comp ref="R27">
      <value>R</value>
      <footprint>Resistor_SMD:R_0603_1608Metric_Pad0.98x0.95mm_HandSolder</footprint>
      <libsource lib="Device" part="R" description="Resistor"/>
      <property name="Sheetname" value=""/>
      <property name="Sheetfile" value="HP_54542C_Display_Adapter.kicad_sch"/>
      <sheetpath names="/" tstamps="/"/>
      <tstamps>ad123e83-51cc-47d5-8cd4-3cb1a1ed8ec4</tstamps>
    </comp>
    <comp ref="R28">
      <value>2</value>
      <footprint>Resistor_SMD:R_0603_1608Metric_Pad0.98x0.95mm_HandSolder</footprint>
      <fields>
        <field name="LCSC">C22977</field>
      </fields>
      <libsource lib="Device" part="R" description="Resistor"/>
      <property name="LCSC" value="C22977"/>
      <property name="Sheetname" value=""/>
      <property name="Sheetfile" value="HP_54542C_Display_Adapter.kicad_sch"/>
      <sheetpath names="/" tstamps="/"/>
      <tstamps>30d2517f-2fde-4aad-bb47-fd2bb8e38952</tstamps>
    </comp>
    <comp ref="R29">
      <value>2</value>
      <footprint>Resistor_SMD:R_0603_1608Metric_Pad0.98x0.95mm_HandSolder</footprint>
      <fields>
        <field name="LCSC">C22977</field>
      </fields>
      <libsource lib="Device" part="R" description="Resistor"/>
      <property name="LCSC" value="C22977"/>
      <property name="Sheetname" value=""/>
      <property name="Sheetfile" value="HP_54542C_Display_Adapter.kicad_sch"/>
      <sheetpath names="/" tstamps="/"/>
      <tstamps>fd175d2f-ce77-4728-a5b1-ebe2f89c48ac</tstamps>
    </comp>
    <comp ref="R30">
      <value>R</value>
      <footprint>Resistor_SMD:R_0603_1608Metric_Pad0.98x0.95mm_HandSolder</footprint>
      <libsource lib="Device" part="R" description="Resistor"/>
      <property name="Sheetname" value=""/>
      <property name="Sheetfile" value="HP_54542C_Display_Adapter.kicad_sch"/>
      <sheetpath names="/" tstamps="/"/>
      <tstamps>676e92dc-90cd-456a-8ec7-683b93e5213b</tstamps>
    </comp>
    <comp ref="R31">
      <value>430</value>
      <footprint>Resistor_SMD:R_0603_1608Metric_Pad0.98x0.95mm_HandSolder</footprint>
      <fields>
        <field name="LCSC">C23170</field>
      </fields>
      <libsource lib="Device" part="R" description="Resistor"/>
      <property name="LCSC" value="C23170"/>
      <property name="Sheetname" value=""/>
      <property name="Sheetfile" value="HP_54542C_Display_Adapter.kicad_sch"/>
      <sheetpath names="/" tstamps="/"/>
      <tstamps>f316f239-5b1c-48d7-b397-52167d19e9a1</tstamps>
    </comp>
    <comp ref="R32">
      <value>R</value>
      <footprint>Resistor_SMD:R_0603_1608Metric_Pad0.98x0.95mm_HandSolder</footprint>
      <libsource lib="Device" part="R" description="Resistor"/>
      <property name="Sheetname" value=""/>
      <property name="Sheetfile" value="HP_54542C_Display_Adapter.kicad_sch"/>
      <sheetpath names="/" tstamps="/"/>
      <tstamps>4bb80107-f74e-4f08-9496-41029488e7e3</tstamps>
    </comp>
    <comp ref="R33">
      <value>R</value>
      <footprint>Resistor_SMD:R_0603_1608Metric_Pad0.98x0.95mm_HandSolder</footprint>
      <libsource lib="Device" part="R" description="Resistor"/>
      <property name="Sheetname" value=""/>
      <property name="Sheetfile" value="HP_54542C_Display_Adapter.kicad_sch"/>
      <sheetpath names="/" tstamps="/"/>
      <tstamps>03c9cf70-0adf-4887-b355-a9eee0f5618c</tstamps>
    </comp>
    <comp ref="R34">
      <value>2</value>
      <footprint>Resistor_SMD:R_0603_1608Metric_Pad0.98x0.95mm_HandSolder</footprint>
      <fields>
        <field name="LCSC">C22977</field>
      </fields>
      <libsource lib="Device" part="R" description="Resistor"/>
      <property name="LCSC" value="C22977"/>
      <property name="Sheetname" value=""/>
      <property name="Sheetfile" value="HP_54542C_Display_Adapter.kicad_sch"/>
      <sheetpath names="/" tstamps="/"/>
      <tstamps>1539eaf5-dfe4-4b85-a732-8bb8d2bff736</tstamps>
    </comp>
    <comp ref="R35">
      <value>2</value>
      <footprint>Resistor_SMD:R_0603_1608Metric_Pad0.98x0.95mm_HandSolder</footprint>
      <fields>
        <field name="LCSC">C22977</field>
      </fields>
      <libsource lib="Device" part="R" description="Resistor"/>
      <property name="LCSC" value="C22977"/>
      <property name="Sheetname" value=""/>
      <property name="Sheetfile" value="HP_54542C_Display_Adapter.kicad_sch"/>
      <sheetpath names="/" tstamps="/"/>
      <tstamps>2fc0c73d-1a02-4983-b3a2-e3da4e0c8c4d</tstamps>
    </comp>
    <comp ref="R36">
      <value>R</value>
      <footprint>Resistor_SMD:R_0603_1608Metric_Pad0.98x0.95mm_HandSolder</footprint>
      <libsource lib="Device" part="R" description="Resistor"/>
      <property name="Sheetname" value=""/>
      <property name="Sheetfile" value="HP_54542C_Display_Adapter.kicad_sch"/>
      <sheetpath names="/" tstamps="/"/>
      <tstamps>fada17b8-7551-4b49-b90c-e670e4b42004</tstamps>
    </comp>
    <comp ref="U1">
      <value>UPduino_3.0</value>
      <footprint>Package_DIP:DIP-48_W15.24mm_LongPads</footprint>
      <libsource lib="HP_54542C_Display_Adapter" part="UPduino_3.0" description=""/>
      <property name="Sheetname" value=""/>
      <property name="Sheetfile" value="HP_54542C_Display_Adapter.kicad_sch"/>
      <sheetpath names="/" tstamps="/"/>
      <tstamps>89f8eec7-282d-416c-a68a-b9b0eb64fd1a</tstamps>
    </comp>
    <comp ref="U2">
      <value>74HC4050</value>
      <footprint>Package_DIP:DIP-16_W7.62mm_LongPads</footprint>
      <libsource lib="HP_54542C_Display_Adapter" part="74HC4050" description="Hex Buffers, Non-inverting"/>
      <property name="Sheetname" value=""/>
      <property name="Sheetfile" value="HP_54542C_Display_Adapter.kicad_sch"/>
      <sheetpath names="/" tstamps="/"/>
      <tstamps>96bf14c5-5951-43d8-a302-d7ce4cc357d7</tstamps>
    </comp>
    <comp ref="U3">
      <value>74HC4050</value>
      <footprint>Package_DIP:DIP-16_W7.62mm_LongPads</footprint>
      <libsource lib="" part="74HC4050_5" description="Hex Buffers, Non-inverting"/>
      <property name="Sheetname" value=""/>
      <property name="Sheetfile" value="HP_54542C_Display_Adapter.kicad_sch"/>
      <sheetpath names="/" tstamps="/"/>
      <tstamps>b2b3618f-b00e-4de6-b4f0-d1c59363dfd1</tstamps>
    </comp>
    <comp ref="U4">
      <value>74HC4050</value>
      <footprint>Package_DIP:DIP-16_W7.62mm_LongPads</footprint>
      <libsource lib="" part="74HC4050_3" description="Hex Buffers, Non-inverting"/>
      <property name="Sheetname" value=""/>
      <property name="Sheetfile" value="HP_54542C_Display_Adapter.kicad_sch"/>
      <sheetpath names="/" tstamps="/"/>
      <tstamps>c6e85f8d-04ee-4c20-a267-9fedea58c571</tstamps>
    </comp>
    <comp ref="U5">
      <value>74HC4050</value>
      <footprint>Package_DIP:DIP-16_W7.62mm_LongPads</footprint>
      <libsource lib="" part="74HC4050_4" description="Hex Buffers, Non-inverting"/>
      <property name="Sheetname" value=""/>
      <property name="Sheetfile" value="HP_54542C_Display_Adapter.kicad_sch"/>
      <sheetpath names="/" tstamps="/"/>
      <tstamps>4c1cde33-8a56-4d71-ba73-73668feb5f1f</tstamps>
    </comp>
    <comp ref="U6">
      <value>74HC4050</value>
      <footprint>Package_DIP:DIP-16_W7.62mm_LongPads</footprint>
      <libsource lib="" part="74HC4050_1" description="Hex Buffers, Non-inverting"/>
      <property name="Sheetname" value=""/>
      <property name="Sheetfile" value="HP_54542C_Display_Adapter.kicad_sch"/>
      <sheetpath names="/" tstamps="/"/>
      <tstamps>d6585943-f1e6-4fd9-9fe1-9a59f96f18bd</tstamps>
    </comp>
    <comp ref="U7">
      <value>74HC4050</value>
      <footprint>Package_DIP:DIP-16_W7.62mm_LongPads</footprint>
      <libsource lib="" part="74HC4050_2" description="Hex Buffers, Non-inverting"/>
      <property name="Sheetname" value=""/>
      <property name="Sheetfile" value="HP_54542C_Display_Adapter.kicad_sch"/>
      <sheetpath names="/" tstamps="/"/>
      <tstamps>5c0a7dbd-5629-445d-924d-eebccd8bd9b9</tstamps>
    </comp>
  </components>
  <libparts>
    <libpart lib="" part="74HC4050_1">
      <description>Hex Buffers, Non-inverting</description>
      <fields>
        <field name="Reference">U?</field>
        <field name="Value">74HC4050_1</field>
      </fields>
      <pins>
        <pin num="1" name="VDD" type="passive"/>
        <pin num="2" name="1Y" type="output"/>
        <pin num="3" name="1A" type="input"/>
        <pin num="4" name="2Y" type="output"/>
        <pin num="5" name="2A" type="input"/>
        <pin num="6" name="3Y" type="output"/>
        <pin num="7" name="3A" type="input"/>
        <pin num="8" name="VSS" type="passive"/>
        <pin num="9" name="4A" type="input"/>
        <pin num="10" name="4Y" type="output"/>
        <pin num="11" name="5A" type="input"/>
        <pin num="12" name="5Y" type="output"/>
        <pin num="13" name="NC" type="no_connect"/>
        <pin num="14" name="6A" type="input"/>
        <pin num="15" name="6Y" type="output"/>
        <pin num="16" name="NC" type="no_connect"/>
      </pins>
    </libpart>
    <libpart lib="" part="74HC4050_2">
      <description>Hex Buffers, Non-inverting</description>
      <fields>
        <field name="Reference">U?</field>
        <field name="Value">74HC4050_2</field>
      </fields>
      <pins>
        <pin num="1" name="VDD" type="passive"/>
        <pin num="2" name="1Y" type="output"/>
        <pin num="3" name="1A" type="input"/>
        <pin num="4" name="2Y" type="output"/>
        <pin num="5" name="2A" type="input"/>
        <pin num="6" name="3Y" type="output"/>
        <pin num="7" name="3A" type="input"/>
        <pin num="8" name="VSS" type="passive"/>
        <pin num="9" name="4A" type="input"/>
        <pin num="10" name="4Y" type="output"/>
        <pin num="11" name="5A" type="input"/>
        <pin num="12" name="5Y" type="output"/>
        <pin num="13" name="NC" type="no_connect"/>
        <pin num="14" name="6A" type="input"/>
        <pin num="15" name="6Y" type="output"/>
        <pin num="16" name="NC" type="no_connect"/>
      </pins>
    </libpart>
    <libpart lib="" part="74HC4050_3">
      <description>Hex Buffers, Non-inverting</description>
      <fields>
        <field name="Reference">U?</field>
        <field name="Value">74HC4050_3</field>
      </fields>
      <pins>
        <pin num="1" name="VDD" type="passive"/>
        <pin num="2" name="1Y" type="output"/>
        <pin num="3" name="1A" type="input"/>
        <pin num="4" name="2Y" type="output"/>
        <pin num="5" name="2A" type="input"/>
        <pin num="6" name="3Y" type="output"/>
        <pin num="7" name="3A" type="input"/>
        <pin num="8" name="VSS" type="passive"/>
        <pin num="9" name="4A" type="input"/>
        <pin num="10" name="4Y" type="output"/>
        <pin num="11" name="5A" type="input"/>
        <pin num="12" name="5Y" type="output"/>
        <pin num="13" name="NC" type="no_connect"/>
        <pin num="14" name="6A" type="input"/>
        <pin num="15" name="6Y" type="output"/>
        <pin num="16" name="NC" type="no_connect"/>
      </pins>
    </libpart>
    <libpart lib="" part="74HC4050_4">
      <description>Hex Buffers, Non-inverting</description>
      <fields>
        <field name="Reference">U?</field>
        <field name="Value">74HC4050_4</field>
      </fields>
      <pins>
        <pin num="1" name="VDD" type="passive"/>
        <pin num="2" name="1Y" type="output"/>
        <pin num="3" name="1A" type="input"/>
        <pin num="4" name="2Y" type="output"/>
        <pin num="5" name="2A" type="input"/>
        <pin num="6" name="3Y" type="output"/>
        <pin num="7" name="3A" type="input"/>
        <pin num="8" name="VSS" type="passive"/>
        <pin num="9" name="4A" type="input"/>
        <pin num="10" name="4Y" type="output"/>
        <pin num="11" name="5A" type="input"/>
        <pin num="12" name="5Y" type="output"/>
        <pin num="13" name="NC" type="no_connect"/>
        <pin num="14" name="6A" type="input"/>
        <pin num="15" name="6Y" type="output"/>
        <pin num="16" name="NC" type="no_connect"/>
      </pins>
    </libpart>
    <libpart lib="" part="74HC4050_5">
      <description>Hex Buffers, Non-inverting</description>
      <fields>
        <field name="Reference">U?</field>
        <field name="Value">74HC4050_5</field>
      </fields>
      <pins>
        <pin num="1" name="VDD" type="passive"/>
        <pin num="2" name="1Y" type="output"/>
        <pin num="3" name="1A" type="input"/>
        <pin num="4" name="2Y" type="output"/>
        <pin num="5" name="2A" type="input"/>
        <pin num="6" name="3Y" type="output"/>
        <pin num="7" name="3A" type="input"/>
        <pin num="8" name="VSS" type="passive"/>
        <pin num="9" name="4A" type="input"/>
        <pin num="10" name="4Y" type="output"/>
        <pin num="11" name="5A" type="input"/>
        <pin num="12" name="5Y" type="output"/>
        <pin num="13" name="NC" type="no_connect"/>
        <pin num="14" name="6A" type="input"/>
        <pin num="15" name="6Y" type="output"/>
        <pin num="16" name="NC" type="no_connect"/>
      </pins>
    </libpart>
    <libpart lib="Connector" part="DB15_Female_HighDensity">
      <description>15-pin female D-SUB connector, High density (3 columns), Triple Row, Generic, VGA-connector</description>
      <docs> ~</docs>
      <footprints>
        <fp>DSUB*Female*</fp>
      </footprints>
      <fields>
        <field name="Reference">J</field>
        <field name="Value">DB15_Female_HighDensity</field>
        <field name="Datasheet"> ~</field>
      </fields>
      <pins>
        <pin num="1" name="" type="passive"/>
        <pin num="2" name="" type="passive"/>
        <pin num="3" name="" type="passive"/>
        <pin num="4" name="" type="passive"/>
        <pin num="5" name="" type="passive"/>
        <pin num="6" name="" type="passive"/>
        <pin num="7" name="" type="passive"/>
        <pin num="8" name="" type="passive"/>
        <pin num="9" name="" type="passive"/>
        <pin num="10" name="" type="passive"/>
        <pin num="11" name="" type="passive"/>
        <pin num="12" name="" type="passive"/>
        <pin num="13" name="" type="passive"/>
        <pin num="14" name="" type="passive"/>
        <pin num="15" name="" type="passive"/>
      </pins>
    </libpart>
    <libpart lib="Connector_Generic" part="Conn_01x10">
      <description>Generic connector, single row, 01x10, script generated (kicad-library-utils/schlib/autogen/connector/)</description>
      <docs>~</docs>
      <footprints>
        <fp>Connector*:*_1x??_*</fp>
      </footprints>
      <fields>
        <field name="Reference">J</field>
        <field name="Value">Conn_01x10</field>
        <field name="Datasheet">~</field>
      </fields>
      <pins>
        <pin num="1" name="Pin_1" type="passive"/>
        <pin num="2" name="Pin_2" type="passive"/>
        <pin num="3" name="Pin_3" type="passive"/>
        <pin num="4" name="Pin_4" type="passive"/>
        <pin num="5" name="Pin_5" type="passive"/>
        <pin num="6" name="Pin_6" type="passive"/>
        <pin num="7" name="Pin_7" type="passive"/>
        <pin num="8" name="Pin_8" type="passive"/>
        <pin num="9" name="Pin_9" type="passive"/>
        <pin num="10" name="Pin_10" type="passive"/>
      </pins>
    </libpart>
    <libpart lib="Connector_Generic" part="Conn_01x15">
      <description>Generic connector, single row, 01x15, script generated (kicad-library-utils/schlib/autogen/connector/)</description>
      <docs>~</docs>
      <footprints>
        <fp>Connector*:*_1x??_*</fp>
      </footprints>
      <fields>
        <field name="Reference">J</field>
        <field name="Value">Conn_01x15</field>
        <field name="Datasheet">~</field>
      </fields>
      <pins>
        <pin num="1" name="Pin_1" type="passive"/>
        <pin num="2" name="Pin_2" type="passive"/>
        <pin num="3" name="Pin_3" type="passive"/>
        <pin num="4" name="Pin_4" type="passive"/>
        <pin num="5" name="Pin_5" type="passive"/>
        <pin num="6" name="Pin_6" type="passive"/>
        <pin num="7" name="Pin_7" type="passive"/>
        <pin num="8" name="Pin_8" type="passive"/>
        <pin num="9" name="Pin_9" type="passive"/>
        <pin num="10" name="Pin_10" type="passive"/>
        <pin num="11" name="Pin_11" type="passive"/>
        <pin num="12" name="Pin_12" type="passive"/>
        <pin num="13" name="Pin_13" type="passive"/>
        <pin num="14" name="Pin_14" type="passive"/>
        <pin num="15" name="Pin_15" type="passive"/>
      </pins>
    </libpart>
    <libpart lib="Connector_Generic" part="Conn_01x25">
      <description>Generic connector, single row, 01x25, script generated (kicad-library-utils/schlib/autogen/connector/)</description>
      <docs>~</docs>
      <footprints>
        <fp>Connector*:*_1x??_*</fp>
      </footprints>
      <fields>
        <field name="Reference">J</field>
        <field name="Value">Conn_01x25</field>
        <field name="Datasheet">~</field>
      </fields>
      <pins>
        <pin num="1" name="Pin_1" type="passive"/>
        <pin num="2" name="Pin_2" type="passive"/>
        <pin num="3" name="Pin_3" type="passive"/>
        <pin num="4" name="Pin_4" type="passive"/>
        <pin num="5" name="Pin_5" type="passive"/>
        <pin num="6" name="Pin_6" type="passive"/>
        <pin num="7" name="Pin_7" type="passive"/>
        <pin num="8" name="Pin_8" type="passive"/>
        <pin num="9" name="Pin_9" type="passive"/>
        <pin num="10" name="Pin_10" type="passive"/>
        <pin num="11" name="Pin_11" type="passive"/>
        <pin num="12" name="Pin_12" type="passive"/>
        <pin num="13" name="Pin_13" type="passive"/>
        <pin num="14" name="Pin_14" type="passive"/>
        <pin num="15" name="Pin_15" type="passive"/>
        <pin num="16" name="Pin_16" type="passive"/>
        <pin num="17" name="Pin_17" type="passive"/>
        <pin num="18" name="Pin_18" type="passive"/>
        <pin num="19" name="Pin_19" type="passive"/>
        <pin num="20" name="Pin_20" type="passive"/>
        <pin num="21" name="Pin_21" type="passive"/>
        <pin num="22" name="Pin_22" type="passive"/>
        <pin num="23" name="Pin_23" type="passive"/>
        <pin num="24" name="Pin_24" type="passive"/>
        <pin num="25" name="Pin_25" type="passive"/>
      </pins>
    </libpart>
    <libpart lib="Device" part="C">
      <description>Unpolarized capacitor</description>
      <docs>~</docs>
      <footprints>
        <fp>C_*</fp>
      </footprints>
      <fields>
        <field name="Reference">C</field>
        <field name="Value">C</field>
        <field name="Datasheet">~</field>
      </fields>
      <pins>
        <pin num="1" name="" type="passive"/>
        <pin num="2" name="" type="passive"/>
      </pins>
    </libpart>
    <libpart lib="Device" part="R">
      <description>Resistor</description>
      <docs>~</docs>
      <footprints>
        <fp>R_*</fp>
      </footprints>
      <fields>
        <field name="Reference">R</field>
        <field name="Value">R</field>
        <field name="Datasheet">~</field>
      </fields>
      <pins>
        <pin num="1" name="" type="passive"/>
        <pin num="2" name="" type="passive"/>
      </pins>
    </libpart>
    <libpart lib="HP_54542C_Display_Adapter" part="74HC4050">
      <description>Hex Buffers, Non-inverting</description>
      <fields>
        <field name="Reference">U?</field>
        <field name="Value">74HC4050</field>
      </fields>
      <pins>
        <pin num="1" name="VDD" type="passive"/>
        <pin num="2" name="1Y" type="output"/>
        <pin num="3" name="1A" type="input"/>
        <pin num="4" name="2Y" type="output"/>
        <pin num="5" name="2A" type="input"/>
        <pin num="6" name="3Y" type="output"/>
        <pin num="7" name="3A" type="input"/>
        <pin num="8" name="VSS" type="passive"/>
        <pin num="9" name="4A" type="input"/>
        <pin num="10" name="4Y" type="output"/>
        <pin num="11" name="5A" type="input"/>
        <pin num="12" name="5Y" type="output"/>
        <pin num="13" name="NC" type="no_connect"/>
        <pin num="14" name="6A" type="input"/>
        <pin num="15" name="6Y" type="output"/>
        <pin num="16" name="NC" type="no_connect"/>
      </pins>
    </libpart>
    <libpart lib="HP_54542C_Display_Adapter" part="UPduino_3.0">
      <fields>
        <field name="Reference">U1</field>
        <field name="Value">UPduino_3.0</field>
        <field name="Footprint">Package_DIP:DIP-48_W15.24mm_LongPads</field>
      </fields>
      <pins>
        <pin num="1" name="GND" type="passive"/>
        <pin num="2" name="VIO" type="bidirectional"/>
        <pin num="3" name="RST" type="bidirectional"/>
        <pin num="4" name="DONE" type="bidirectional"/>
        <pin num="5" name="R" type="bidirectional"/>
        <pin num="6" name="G" type="bidirectional"/>
        <pin num="7" name="B" type="bidirectional"/>
        <pin num="8" name="5V" type="passive"/>
        <pin num="9" name="3V3" type="passive"/>
        <pin num="10" name="GND" type="passive"/>
        <pin num="11" name="23" type="bidirectional"/>
        <pin num="12" name="25" type="bidirectional"/>
        <pin num="13" name="26" type="bidirectional"/>
        <pin num="14" name="27" type="bidirectional"/>
        <pin num="15" name="32" type="bidirectional"/>
        <pin num="16" name="35" type="bidirectional"/>
        <pin num="17" name="31" type="bidirectional"/>
        <pin num="18" name="37" type="bidirectional"/>
        <pin num="19" name="34" type="bidirectional"/>
        <pin num="20" name="43" type="bidirectional"/>
        <pin num="21" name="36" type="bidirectional"/>
        <pin num="22" name="42" type="bidirectional"/>
        <pin num="23" name="38" type="bidirectional"/>
        <pin num="24" name="28" type="bidirectional"/>
        <pin num="25" name="2" type="bidirectional"/>
        <pin num="26" name="46" type="bidirectional"/>
        <pin num="27" name="47" type="bidirectional"/>
        <pin num="28" name="45" type="bidirectional"/>
        <pin num="29" name="48" type="bidirectional"/>
        <pin num="30" name="3" type="bidirectional"/>
        <pin num="31" name="4" type="bidirectional"/>
        <pin num="32" name="44" type="bidirectional"/>
        <pin num="33" name="6" type="bidirectional"/>
        <pin num="34" name="9" type="bidirectional"/>
        <pin num="35" name="11" type="bidirectional"/>
        <pin num="36" name="18" type="bidirectional"/>
        <pin num="37" name="19" type="bidirectional"/>
        <pin num="38" name="13" type="bidirectional"/>
        <pin num="39" name="21" type="bidirectional"/>
        <pin num="40" name="" type="bidirectional"/>
        <pin num="41" name="" type="bidirectional"/>
        <pin num="42" name="12M" type="bidirectional"/>
        <pin num="43" name="10" type="bidirectional"/>
        <pin num="44" name="20" type="bidirectional"/>
        <pin num="45" name="SO" type="bidirectional"/>
        <pin num="46" name="SI" type="bidirectional"/>
        <pin num="47" name="SCK" type="bidirectional"/>
        <pin num="48" name="SS" type="bidirectional"/>
      </pins>
    </libpart>
    <libpart lib="Mechanical" part="MountingHole">
      <description>Mounting Hole without connection</description>
      <docs>~</docs>
      <footprints>
        <fp>MountingHole*</fp>
      </footprints>
      <fields>
        <field name="Reference">H</field>
        <field name="Value">MountingHole</field>
        <field name="Datasheet">~</field>
      </fields>
    </libpart>
  </libparts>
  <libraries>
    <library logical="Connector">
      <uri>/usr/share/kicad/symbols//Connector.kicad_sym</uri>
    </library>
    <library logical="Connector_Generic">
      <uri>/usr/share/kicad/symbols//Connector_Generic.kicad_sym</uri>
    </library>
    <library logical="Device">
      <uri>/usr/share/kicad/symbols//Device.kicad_sym</uri>
    </library>
    <library logical="HP_54542C_Display_Adapter">
      <uri>/home/blackbit/src/lang/kicad/HP_54542C_Display_Adapter/HP_54542C_Display_Adapter.kicad_sym</uri>
    </library>
    <library logical="Mechanical">
      <uri>/usr/share/kicad/symbols//Mechanical.kicad_sym</uri>
    </library>
  </libraries>
  <nets>
    <net code="1" name="+5V">
      <node ref="C2" pin="2" pintype="passive"/>
      <node ref="C3" pin="2" pintype="passive"/>
      <node ref="C4" pin="2" pintype="passive"/>
      <node ref="C5" pin="2" pintype="passive"/>
      <node ref="C6" pin="2" pintype="passive"/>
      <node ref="C7" pin="2" pintype="passive"/>
      <node ref="J2" pin="1" pinfunction="Pin_1" pintype="passive"/>
      <node ref="J2" pin="2" pinfunction="Pin_2" pintype="passive"/>
      <node ref="J3" pin="16" pinfunction="Pin_16" pintype="passive"/>
      <node ref="J3" pin="17" pinfunction="Pin_17" pintype="passive"/>
      <node ref="U1" pin="8" pinfunction="5V" pintype="passive"/>
      <node ref="U2" pin="1" pinfunction="VDD" pintype="passive"/>
      <node ref="U3" pin="1" pinfunction="VDD" pintype="passive"/>
      <node ref="U4" pin="1" pinfunction="VDD" pintype="passive"/>
      <node ref="U5" pin="1" pinfunction="VDD" pintype="passive"/>
      <node ref="U6" pin="1" pinfunction="VDD" pintype="passive"/>
      <node ref="U7" pin="1" pinfunction="VDD" pintype="passive"/>
    </net>
    <net code="2" name="/f_in_01">
      <node ref="U1" pin="25" pinfunction="2" pintype="bidirectional"/>
      <node ref="U2" pin="2" pinfunction="1Y" pintype="output"/>
    </net>
    <net code="3" name="/f_in_02">
      <node ref="U1" pin="26" pinfunction="46" pintype="bidirectional"/>
      <node ref="U2" pin="4" pinfunction="2Y" pintype="output"/>
    </net>
    <net code="4" name="/f_in_03">
      <node ref="U1" pin="27" pinfunction="47" pintype="bidirectional"/>
      <node ref="U2" pin="6" pinfunction="3Y" pintype="output"/>
    </net>
    <net code="5" name="/f_in_04">
      <node ref="U1" pin="28" pinfunction="45" pintype="bidirectional"/>
      <node ref="U2" pin="10" pinfunction="4Y" pintype="output"/>
    </net>
    <net code="6" name="/f_in_05">
      <node ref="U1" pin="29" pinfunction="48" pintype="bidirectional"/>
      <node ref="U2" pin="12" pinfunction="5Y" pintype="output"/>
    </net>
    <net code="7" name="/f_in_06">
      <node ref="U1" pin="30" pinfunction="3" pintype="bidirectional"/>
      <node ref="U2" pin="15" pinfunction="6Y" pintype="output"/>
    </net>
    <net code="8" name="/f_in_07">
      <node ref="U1" pin="31" pinfunction="4" pintype="bidirectional"/>
      <node ref="U3" pin="2" pinfunction="1Y" pintype="output"/>
    </net>
    <net code="9" name="/f_in_08">
      <node ref="U1" pin="32" pinfunction="44" pintype="bidirectional"/>
      <node ref="U3" pin="4" pinfunction="2Y" pintype="output"/>
    </net>
    <net code="10" name="/f_in_09">
      <node ref="U1" pin="33" pinfunction="6" pintype="bidirectional"/>
      <node ref="U3" pin="6" pinfunction="3Y" pintype="output"/>
    </net>
    <net code="11" name="/f_in_10">
      <node ref="U1" pin="34" pinfunction="9" pintype="bidirectional"/>
      <node ref="U3" pin="10" pinfunction="4Y" pintype="output"/>
    </net>
    <net code="12" name="/f_in_11">
      <node ref="U1" pin="35" pinfunction="11" pintype="bidirectional"/>
      <node ref="U3" pin="12" pinfunction="5Y" pintype="output"/>
    </net>
    <net code="13" name="/f_in_12">
      <node ref="U1" pin="36" pinfunction="18" pintype="bidirectional"/>
      <node ref="U3" pin="15" pinfunction="6Y" pintype="output"/>
    </net>
    <net code="14" name="/f_out_b0">
      <node ref="U1" pin="18" pinfunction="37" pintype="bidirectional"/>
      <node ref="U6" pin="3" pinfunction="1A" pintype="input"/>
      <node ref="U7" pin="3" pinfunction="1A" pintype="input"/>
    </net>
    <net code="15" name="/f_out_b1">
      <node ref="U1" pin="17" pinfunction="31" pintype="bidirectional"/>
      <node ref="U6" pin="5" pinfunction="2A" pintype="input"/>
      <node ref="U7" pin="5" pinfunction="2A" pintype="input"/>
    </net>
    <net code="16" name="/f_out_b2">
      <node ref="U1" pin="16" pinfunction="35" pintype="bidirectional"/>
      <node ref="U6" pin="7" pinfunction="3A" pintype="input"/>
      <node ref="U7" pin="7" pinfunction="3A" pintype="input"/>
    </net>
    <net code="17" name="/f_out_g0">
      <node ref="U1" pin="21" pinfunction="36" pintype="bidirectional"/>
      <node ref="U4" pin="9" pinfunction="4A" pintype="input"/>
      <node ref="U5" pin="9" pinfunction="4A" pintype="input"/>
    </net>
    <net code="18" name="/f_out_g1">
      <node ref="U1" pin="20" pinfunction="43" pintype="bidirectional"/>
      <node ref="U4" pin="11" pinfunction="5A" pintype="input"/>
      <node ref="U5" pin="11" pinfunction="5A" pintype="input"/>
    </net>
    <net code="19" name="/f_out_g2">
      <node ref="U1" pin="19" pinfunction="34" pintype="bidirectional"/>
      <node ref="U4" pin="14" pinfunction="6A" pintype="input"/>
      <node ref="U5" pin="14" pinfunction="6A" pintype="input"/>
    </net>
    <net code="20" name="/f_out_hsync">
      <node ref="U1" pin="15" pinfunction="32" pintype="bidirectional"/>
      <node ref="U6" pin="9" pinfunction="4A" pintype="input"/>
      <node ref="U7" pin="9" pinfunction="4A" pintype="input"/>
    </net>
    <net code="21" name="/f_out_r0">
      <node ref="U1" pin="24" pinfunction="28" pintype="bidirectional"/>
      <node ref="U4" pin="3" pinfunction="1A" pintype="input"/>
      <node ref="U5" pin="3" pinfunction="1A" pintype="input"/>
    </net>
    <net code="22" name="/f_out_r1">
      <node ref="U1" pin="23" pinfunction="38" pintype="bidirectional"/>
      <node ref="U4" pin="5" pinfunction="2A" pintype="input"/>
      <node ref="U5" pin="5" pinfunction="2A" pintype="input"/>
    </net>
    <net code="23" name="/f_out_r2">
      <node ref="U1" pin="22" pinfunction="42" pintype="bidirectional"/>
      <node ref="U4" pin="7" pinfunction="3A" pintype="input"/>
      <node ref="U5" pin="7" pinfunction="3A" pintype="input"/>
    </net>
    <net code="24" name="/f_out_vsync">
      <node ref="U1" pin="14" pinfunction="27" pintype="bidirectional"/>
      <node ref="U6" pin="11" pinfunction="5A" pintype="input"/>
      <node ref="U7" pin="11" pinfunction="5A" pintype="input"/>
    </net>
    <net code="25" name="/in_01">
      <node ref="J1" pin="1" pinfunction="Pin_1" pintype="passive"/>
      <node ref="J3" pin="1" pinfunction="Pin_1" pintype="passive"/>
    </net>
    <net code="26" name="/in_03">
      <node ref="J1" pin="3" pinfunction="Pin_3" pintype="passive"/>
      <node ref="J3" pin="3" pinfunction="Pin_3" pintype="passive"/>
      <node ref="R1" pin="1" pintype="passive"/>
    </net>
    <net code="27" name="/in_05">
      <node ref="J1" pin="5" pinfunction="Pin_5" pintype="passive"/>
      <node ref="J3" pin="5" pinfunction="Pin_5" pintype="passive"/>
      <node ref="R2" pin="1" pintype="passive"/>
    </net>
    <net code="28" name="/in_07">
      <node ref="J1" pin="7" pinfunction="Pin_7" pintype="passive"/>
      <node ref="J3" pin="7" pinfunction="Pin_7" pintype="passive"/>
      <node ref="R3" pin="1" pintype="passive"/>
    </net>
    <net code="29" name="/in_09">
      <node ref="J1" pin="9" pinfunction="Pin_9" pintype="passive"/>
      <node ref="J3" pin="9" pinfunction="Pin_9" pintype="passive"/>
      <node ref="R4" pin="1" pintype="passive"/>
    </net>
    <net code="30" name="/in_11">
      <node ref="J1" pin="11" pinfunction="Pin_11" pintype="passive"/>
      <node ref="J3" pin="11" pinfunction="Pin_11" pintype="passive"/>
      <node ref="R5" pin="1" pintype="passive"/>
    </net>
    <net code="31" name="/in_13">
      <node ref="J1" pin="13" pinfunction="Pin_13" pintype="passive"/>
      <node ref="J3" pin="13" pinfunction="Pin_13" pintype="passive"/>
      <node ref="R6" pin="1" pintype="passive"/>
    </net>
    <net code="32" name="/in_14">
      <node ref="J1" pin="14" pinfunction="Pin_14" pintype="passive"/>
      <node ref="J3" pin="14" pinfunction="Pin_14" pintype="passive"/>
      <node ref="R7" pin="1" pintype="passive"/>
    </net>
    <net code="33" name="/in_15">
      <node ref="J1" pin="15" pinfunction="Pin_15" pintype="passive"/>
      <node ref="J3" pin="15" pinfunction="Pin_15" pintype="passive"/>
      <node ref="R8" pin="1" pintype="passive"/>
    </net>
    <net code="34" name="/in_19">
      <node ref="J2" pin="4" pinfunction="Pin_4" pintype="passive"/>
      <node ref="J3" pin="19" pinfunction="Pin_19" pintype="passive"/>
      <node ref="R9" pin="1" pintype="passive"/>
    </net>
    <net code="35" name="/in_21">
      <node ref="J2" pin="6" pinfunction="Pin_6" pintype="passive"/>
      <node ref="J3" pin="21" pinfunction="Pin_21" pintype="passive"/>
      <node ref="R10" pin="1" pintype="passive"/>
    </net>
    <net code="36" name="/in_23">
      <node ref="J2" pin="8" pinfunction="Pin_8" pintype="passive"/>
      <node ref="J3" pin="23" pinfunction="Pin_23" pintype="passive"/>
      <node ref="R11" pin="1" pintype="passive"/>
    </net>
    <net code="37" name="/in_25">
      <node ref="J2" pin="10" pinfunction="Pin_10" pintype="passive"/>
      <node ref="J3" pin="25" pinfunction="Pin_25" pintype="passive"/>
      <node ref="R12" pin="1" pintype="passive"/>
    </net>
    <net code="38" name="/vga_blue_1">
      <node ref="J4" pin="3" pintype="passive"/>
      <node ref="R25" pin="2" pintype="passive"/>
      <node ref="R26" pin="2" pintype="passive"/>
      <node ref="R27" pin="2" pintype="passive"/>
    </net>
    <net code="39" name="/vga_blue_2">
      <node ref="J5" pin="3" pintype="passive"/>
      <node ref="R31" pin="2" pintype="passive"/>
      <node ref="R32" pin="2" pintype="passive"/>
      <node ref="R33" pin="2" pintype="passive"/>
    </net>
    <net code="40" name="/vga_green_1">
      <node ref="J4" pin="2" pintype="passive"/>
      <node ref="R16" pin="2" pintype="passive"/>
      <node ref="R17" pin="2" pintype="passive"/>
      <node ref="R18" pin="2" pintype="passive"/>
    </net>
    <net code="41" name="/vga_green_2">
      <node ref="J5" pin="2" pintype="passive"/>
      <node ref="R22" pin="2" pintype="passive"/>
      <node ref="R23" pin="2" pintype="passive"/>
      <node ref="R24" pin="2" pintype="passive"/>
    </net>
    <net code="42" name="/vga_hsync_1">
      <node ref="J4" pin="13" pintype="passive"/>
      <node ref="R28" pin="2" pintype="passive"/>
    </net>
    <net code="43" name="/vga_hsync_2">
      <node ref="J5" pin="13" pintype="passive"/>
      <node ref="R34" pin="2" pintype="passive"/>
    </net>
    <net code="44" name="/vga_red_1">
      <node ref="J4" pin="1" pintype="passive"/>
      <node ref="R13" pin="2" pintype="passive"/>
      <node ref="R14" pin="2" pintype="passive"/>
      <node ref="R15" pin="2" pintype="passive"/>
    </net>
    <net code="45" name="/vga_red_2">
      <node ref="J5" pin="1" pintype="passive"/>
      <node ref="R19" pin="2" pintype="passive"/>
      <node ref="R20" pin="2" pintype="passive"/>
      <node ref="R21" pin="2" pintype="passive"/>
    </net>
    <net code="46" name="/vga_vsync_1">
      <node ref="J4" pin="14" pintype="passive"/>
      <node ref="R29" pin="2" pintype="passive"/>
    </net>
    <net code="47" name="/vga_vsync_2">
      <node ref="J5" pin="14" pintype="passive"/>
      <node ref="R35" pin="2" pintype="passive"/>
    </net>
    <net code="48" name="GND">
      <node ref="C2" pin="1" pintype="passive"/>
      <node ref="C3" pin="1" pintype="passive"/>
      <node ref="C4" pin="1" pintype="passive"/>
      <node ref="C5" pin="1" pintype="passive"/>
      <node ref="C6" pin="1" pintype="passive"/>
      <node ref="C7" pin="1" pintype="passive"/>
      <node ref="J1" pin="10" pinfunction="Pin_10" pintype="passive"/>
      <node ref="J1" pin="12" pinfunction="Pin_12" pintype="passive"/>
      <node ref="J1" pin="2" pinfunction="Pin_2" pintype="passive"/>
      <node ref="J1" pin="4" pinfunction="Pin_4" pintype="passive"/>
      <node ref="J1" pin="6" pinfunction="Pin_6" pintype="passive"/>
      <node ref="J1" pin="8" pinfunction="Pin_8" pintype="passive"/>
      <node ref="J2" pin="3" pinfunction="Pin_3" pintype="passive"/>
      <node ref="J2" pin="5" pinfunction="Pin_5" pintype="passive"/>
      <node ref="J2" pin="7" pinfunction="Pin_7" pintype="passive"/>
      <node ref="J2" pin="9" pinfunction="Pin_9" pintype="passive"/>
      <node ref="J3" pin="10" pinfunction="Pin_10" pintype="passive"/>
      <node ref="J3" pin="12" pinfunction="Pin_12" pintype="passive"/>
      <node ref="J3" pin="18" pinfunction="Pin_18" pintype="passive"/>
      <node ref="J3" pin="2" pinfunction="Pin_2" pintype="passive"/>
      <node ref="J3" pin="20" pinfunction="Pin_20" pintype="passive"/>
      <node ref="J3" pin="22" pinfunction="Pin_22" pintype="passive"/>
      <node ref="J3" pin="24" pinfunction="Pin_24" pintype="passive"/>
      <node ref="J3" pin="4" pinfunction="Pin_4" pintype="passive"/>
      <node ref="J3" pin="6" pinfunction="Pin_6" pintype="passive"/>
      <node ref="J3" pin="8" pinfunction="Pin_8" pintype="passive"/>
      <node ref="J4" pin="10" pintype="passive"/>
      <node ref="J4" pin="5" pintype="passive"/>
      <node ref="J4" pin="6" pintype="passive"/>
      <node ref="J4" pin="7" pintype="passive"/>
      <node ref="J4" pin="8" pintype="passive"/>
      <node ref="J5" pin="10" pintype="passive"/>
      <node ref="J5" pin="5" pintype="passive"/>
      <node ref="J5" pin="6" pintype="passive"/>
      <node ref="J5" pin="7" pintype="passive"/>
      <node ref="J5" pin="8" pintype="passive"/>
      <node ref="U1" pin="1" pinfunction="GND" pintype="passive"/>
      <node ref="U1" pin="10" pinfunction="GND" pintype="passive"/>
      <node ref="U2" pin="8" pinfunction="VSS" pintype="passive"/>
      <node ref="U3" pin="8" pinfunction="VSS" pintype="passive"/>
      <node ref="U4" pin="8" pinfunction="VSS" pintype="passive"/>
      <node ref="U5" pin="8" pinfunction="VSS" pintype="passive"/>
      <node ref="U6" pin="14" pinfunction="6A" pintype="input"/>
      <node ref="U6" pin="8" pinfunction="VSS" pintype="passive"/>
      <node ref="U7" pin="14" pinfunction="6A" pintype="input"/>
      <node ref="U7" pin="8" pinfunction="VSS" pintype="passive"/>
    </net>
    <net code="49" name="Net-(R1-Pad2)">
      <node ref="R1" pin="2" pintype="passive"/>
      <node ref="U2" pin="3" pinfunction="1A" pintype="input"/>
    </net>
    <net code="50" name="Net-(R2-Pad2)">
      <node ref="R2" pin="2" pintype="passive"/>
      <node ref="U2" pin="5" pinfunction="2A" pintype="input"/>
    </net>
    <net code="51" name="Net-(R3-Pad2)">
      <node ref="R3" pin="2" pintype="passive"/>
      <node ref="U2" pin="7" pinfunction="3A" pintype="input"/>
    </net>
    <net code="52" name="Net-(R4-Pad2)">
      <node ref="R4" pin="2" pintype="passive"/>
      <node ref="U2" pin="9" pinfunction="4A" pintype="input"/>
    </net>
    <net code="53" name="Net-(R5-Pad2)">
      <node ref="R5" pin="2" pintype="passive"/>
      <node ref="U2" pin="11" pinfunction="5A" pintype="input"/>
    </net>
    <net code="54" name="Net-(R6-Pad2)">
      <node ref="R6" pin="2" pintype="passive"/>
      <node ref="U2" pin="14" pinfunction="6A" pintype="input"/>
    </net>
    <net code="55" name="Net-(R7-Pad2)">
      <node ref="R7" pin="2" pintype="passive"/>
      <node ref="U3" pin="3" pinfunction="1A" pintype="input"/>
    </net>
    <net code="56" name="Net-(R8-Pad2)">
      <node ref="R8" pin="2" pintype="passive"/>
      <node ref="U3" pin="5" pinfunction="2A" pintype="input"/>
    </net>
    <net code="57" name="Net-(R9-Pad2)">
      <node ref="R9" pin="2" pintype="passive"/>
      <node ref="U3" pin="7" pinfunction="3A" pintype="input"/>
    </net>
    <net code="58" name="Net-(R10-Pad2)">
      <node ref="R10" pin="2" pintype="passive"/>
      <node ref="U3" pin="9" pinfunction="4A" pintype="input"/>
    </net>
    <net code="59" name="Net-(R11-Pad2)">
      <node ref="R11" pin="2" pintype="passive"/>
      <node ref="U3" pin="11" pinfunction="5A" pintype="input"/>
    </net>
    <net code="60" name="Net-(R12-Pad2)">
      <node ref="R12" pin="2" pintype="passive"/>
      <node ref="U3" pin="14" pinfunction="6A" pintype="input"/>
    </net>
    <net code="61" name="Net-(R13-Pad1)">
      <node ref="R13" pin="1" pintype="passive"/>
      <node ref="U4" pin="2" pinfunction="1Y" pintype="output"/>
    </net>
    <net code="62" name="Net-(R14-Pad1)">
      <node ref="R14" pin="1" pintype="passive"/>
      <node ref="U4" pin="4" pinfunction="2Y" pintype="output"/>
    </net>
    <net code="63" name="Net-(R15-Pad1)">
      <node ref="R15" pin="1" pintype="passive"/>
      <node ref="U4" pin="6" pinfunction="3Y" pintype="output"/>
    </net>
    <net code="64" name="Net-(R16-Pad1)">
      <node ref="R16" pin="1" pintype="passive"/>
      <node ref="U4" pin="10" pinfunction="4Y" pintype="output"/>
    </net>
    <net code="65" name="Net-(R17-Pad1)">
      <node ref="R17" pin="1" pintype="passive"/>
      <node ref="U4" pin="12" pinfunction="5Y" pintype="output"/>
    </net>
    <net code="66" name="Net-(R18-Pad1)">
      <node ref="R18" pin="1" pintype="passive"/>
      <node ref="U4" pin="15" pinfunction="6Y" pintype="output"/>
    </net>
    <net code="67" name="Net-(R19-Pad1)">
      <node ref="R19" pin="1" pintype="passive"/>
      <node ref="U5" pin="2" pinfunction="1Y" pintype="output"/>
    </net>
    <net code="68" name="Net-(R20-Pad1)">
      <node ref="R20" pin="1" pintype="passive"/>
      <node ref="U5" pin="4" pinfunction="2Y" pintype="output"/>
    </net>
    <net code="69" name="Net-(R21-Pad1)">
      <node ref="R21" pin="1" pintype="passive"/>
      <node ref="U5" pin="6" pinfunction="3Y" pintype="output"/>
    </net>
    <net code="70" name="Net-(R22-Pad1)">
      <node ref="R22" pin="1" pintype="passive"/>
      <node ref="U5" pin="10" pinfunction="4Y" pintype="output"/>
    </net>
    <net code="71" name="Net-(R23-Pad1)">
      <node ref="R23" pin="1" pintype="passive"/>
      <node ref="U5" pin="12" pinfunction="5Y" pintype="output"/>
    </net>
    <net code="72" name="Net-(R24-Pad1)">
      <node ref="R24" pin="1" pintype="passive"/>
      <node ref="U5" pin="15" pinfunction="6Y" pintype="output"/>
    </net>
    <net code="73" name="Net-(R25-Pad1)">
      <node ref="R25" pin="1" pintype="passive"/>
      <node ref="U6" pin="2" pinfunction="1Y" pintype="output"/>
    </net>
    <net code="74" name="Net-(R26-Pad1)">
      <node ref="R26" pin="1" pintype="passive"/>
      <node ref="U6" pin="4" pinfunction="2Y" pintype="output"/>
    </net>
    <net code="75" name="Net-(R27-Pad1)">
      <node ref="R27" pin="1" pintype="passive"/>
      <node ref="U6" pin="6" pinfunction="3Y" pintype="output"/>
    </net>
    <net code="76" name="Net-(R28-Pad1)">
      <node ref="R28" pin="1" pintype="passive"/>
      <node ref="U6" pin="10" pinfunction="4Y" pintype="output"/>
    </net>
    <net code="77" name="Net-(R29-Pad1)">
      <node ref="R29" pin="1" pintype="passive"/>
      <node ref="U6" pin="12" pinfunction="5Y" pintype="output"/>
    </net>
    <net code="78" name="Net-(R30-Pad1)">
      <node ref="R30" pin="1" pintype="passive"/>
      <node ref="U6" pin="15" pinfunction="6Y" pintype="output"/>
    </net>
    <net code="79" name="Net-(R31-Pad1)">
      <node ref="R31" pin="1" pintype="passive"/>
      <node ref="U7" pin="2" pinfunction="1Y" pintype="output"/>
    </net>
    <net code="80" name="Net-(R32-Pad1)">
      <node ref="R32" pin="1" pintype="passive"/>
      <node ref="U7" pin="4" pinfunction="2Y" pintype="output"/>
    </net>
    <net code="81" name="Net-(R33-Pad1)">
      <node ref="R33" pin="1" pintype="passive"/>
      <node ref="U7" pin="6" pinfunction="3Y" pintype="output"/>
    </net>
    <net code="82" name="Net-(R34-Pad1)">
      <node ref="R34" pin="1" pintype="passive"/>
      <node ref="U7" pin="10" pinfunction="4Y" pintype="output"/>
    </net>
    <net code="83" name="Net-(R35-Pad1)">
      <node ref="R35" pin="1" pintype="passive"/>
      <node ref="U7" pin="12" pinfunction="5Y" pintype="output"/>
    </net>
    <net code="84" name="Net-(R36-Pad1)">
      <node ref="R36" pin="1" pintype="passive"/>
      <node ref="U7" pin="15" pinfunction="6Y" pintype="output"/>
    </net>
    <net code="85" name="unconnected-(J4-Pad4)">
      <node ref="J4" pin="4" pintype="passive+no_connect"/>
    </net>
    <net code="86" name="unconnected-(J4-Pad9)">
      <node ref="J4" pin="9" pintype="passive+no_connect"/>
    </net>
    <net code="87" name="unconnected-(J4-Pad11)">
      <node ref="J4" pin="11" pintype="passive+no_connect"/>
    </net>
    <net code="88" name="unconnected-(J4-Pad12)">
      <node ref="J4" pin="12" pintype="passive+no_connect"/>
    </net>
    <net code="89" name="unconnected-(J4-Pad15)">
      <node ref="J4" pin="15" pintype="passive+no_connect"/>
    </net>
    <net code="90" name="unconnected-(J5-Pad4)">
      <node ref="J5" pin="4" pintype="passive+no_connect"/>
    </net>
    <net code="91" name="unconnected-(J5-Pad9)">
      <node ref="J5" pin="9" pintype="passive+no_connect"/>
    </net>
    <net code="92" name="unconnected-(J5-Pad11)">
      <node ref="J5" pin="11" pintype="passive+no_connect"/>
    </net>
    <net code="93" name="unconnected-(J5-Pad12)">
      <node ref="J5" pin="12" pintype="passive+no_connect"/>
    </net>
    <net code="94" name="unconnected-(J5-Pad15)">
      <node ref="J5" pin="15" pintype="passive+no_connect"/>
    </net>
    <net code="95" name="unconnected-(R30-Pad2)">
      <node ref="R30" pin="2" pintype="passive+no_connect"/>
    </net>
    <net code="96" name="unconnected-(R36-Pad2)">
      <node ref="R36" pin="2" pintype="passive+no_connect"/>
    </net>
    <net code="97" name="unconnected-(U1-Pad2)">
      <node ref="U1" pin="2" pinfunction="VIO" pintype="bidirectional+no_connect"/>
    </net>
    <net code="98" name="unconnected-(U1-Pad3)">
      <node ref="U1" pin="3" pinfunction="RST" pintype="bidirectional+no_connect"/>
    </net>
    <net code="99" name="unconnected-(U1-Pad4)">
      <node ref="U1" pin="4" pinfunction="DONE" pintype="bidirectional+no_connect"/>
    </net>
    <net code="100" name="unconnected-(U1-Pad5)">
      <node ref="U1" pin="5" pinfunction="R" pintype="bidirectional+no_connect"/>
    </net>
    <net code="101" name="unconnected-(U1-Pad6)">
      <node ref="U1" pin="6" pinfunction="G" pintype="bidirectional+no_connect"/>
    </net>
    <net code="102" name="unconnected-(U1-Pad7)">
      <node ref="U1" pin="7" pinfunction="B" pintype="bidirectional+no_connect"/>
    </net>
    <net code="103" name="unconnected-(U1-Pad9)">
      <node ref="U1" pin="9" pinfunction="3V3" pintype="passive+no_connect"/>
    </net>
    <net code="104" name="unconnected-(U1-Pad11)">
      <node ref="U1" pin="11" pinfunction="23" pintype="bidirectional+no_connect"/>
    </net>
    <net code="105" name="unconnected-(U1-Pad12)">
      <node ref="U1" pin="12" pinfunction="25" pintype="bidirectional+no_connect"/>
    </net>
    <net code="106" name="unconnected-(U1-Pad13)">
      <node ref="U1" pin="13" pinfunction="26" pintype="bidirectional+no_connect"/>
    </net>
    <net code="107" name="unconnected-(U1-Pad37)">
      <node ref="U1" pin="37" pinfunction="19" pintype="bidirectional+no_connect"/>
    </net>
    <net code="108" name="unconnected-(U1-Pad38)">
      <node ref="U1" pin="38" pinfunction="13" pintype="bidirectional+no_connect"/>
    </net>
    <net code="109" name="unconnected-(U1-Pad39)">
      <node ref="U1" pin="39" pinfunction="21" pintype="bidirectional+no_connect"/>
    </net>
    <net code="110" name="unconnected-(U1-Pad40)">
      <node ref="U1" pin="40" pintype="bidirectional+no_connect"/>
    </net>
    <net code="111" name="unconnected-(U1-Pad41)">
      <node ref="U1" pin="41" pintype="bidirectional+no_connect"/>
    </net>
    <net code="112" name="unconnected-(U1-Pad42)">
      <node ref="U1" pin="42" pinfunction="12M" pintype="bidirectional+no_connect"/>
    </net>
    <net code="113" name="unconnected-(U1-Pad43)">
      <node ref="U1" pin="43" pinfunction="10" pintype="bidirectional+no_connect"/>
    </net>
    <net code="114" name="unconnected-(U1-Pad44)">
      <node ref="U1" pin="44" pinfunction="20" pintype="bidirectional+no_connect"/>
    </net>
    <net code="115" name="unconnected-(U1-Pad45)">
      <node ref="U1" pin="45" pinfunction="SO" pintype="bidirectional+no_connect"/>
    </net>
    <net code="116" name="unconnected-(U1-Pad46)">
      <node ref="U1" pin="46" pinfunction="SI" pintype="bidirectional+no_connect"/>
    </net>
    <net code="117" name="unconnected-(U1-Pad47)">
      <node ref="U1" pin="47" pinfunction="SCK" pintype="bidirectional+no_connect"/>
    </net>
    <net code="118" name="unconnected-(U1-Pad48)">
      <node ref="U1" pin="48" pinfunction="SS" pintype="bidirectional+no_connect"/>
    </net>
    <net code="119" name="unconnected-(U2-Pad13)">
      <node ref="U2" pin="13" pinfunction="NC" pintype="no_connect"/>
    </net>
    <net code="120" name="unconnected-(U2-Pad16)">
      <node ref="U2" pin="16" pinfunction="NC" pintype="no_connect"/>
    </net>
    <net code="121" name="unconnected-(U3-Pad13)">
      <node ref="U3" pin="13" pinfunction="NC" pintype="no_connect"/>
    </net>
    <net code="122" name="unconnected-(U3-Pad16)">
      <node ref="U3" pin="16" pinfunction="NC" pintype="no_connect"/>
    </net>
    <net code="123" name="unconnected-(U4-Pad13)">
      <node ref="U4" pin="13" pinfunction="NC" pintype="no_connect"/>
    </net>
    <net code="124" name="unconnected-(U4-Pad16)">
      <node ref="U4" pin="16" pinfunction="NC" pintype="no_connect"/>
    </net>
    <net code="125" name="unconnected-(U5-Pad13)">
      <node ref="U5" pin="13" pinfunction="NC" pintype="no_connect"/>
    </net>
    <net code="126" name="unconnected-(U5-Pad16)">
      <node ref="U5" pin="16" pinfunction="NC" pintype="no_connect"/>
    </net>
    <net code="127" name="unconnected-(U6-Pad13)">
      <node ref="U6" pin="13" pinfunction="NC" pintype="no_connect"/>
    </net>
    <net code="128" name="unconnected-(U6-Pad16)">
      <node ref="U6" pin="16" pinfunction="NC" pintype="no_connect"/>
    </net>
    <net code="129" name="unconnected-(U7-Pad13)">
      <node ref="U7" pin="13" pinfunction="NC" pintype="no_connect"/>
    </net>
    <net code="130" name="unconnected-(U7-Pad16)">
      <node ref="U7" pin="16" pinfunction="NC" pintype="no_connect"/>
    </net>
  </nets>
</export>
