Designator,Val,Package,Mid X,Mid Y,Rotation,Layer
"C2","100n","C_0603_1608Metric_Pad1.08x0.95mm_HandSolder",122.782500,-73.660000,180.000000,top
"C3","100n","C_0603_1608Metric_Pad1.08x0.95mm_HandSolder",122.782500,-104.140000,180.000000,top
"C4","100n","C_0603_1608Metric_Pad1.08x0.95mm_HandSolder",165.962500,-73.660000,180.000000,top
"C5","100n","C_0603_1608Metric_Pad1.08x0.95mm_HandSolder",185.012500,-73.660000,180.000000,top
"C6","100n","C_0603_1608Metric_Pad1.08x0.95mm_HandSolder",165.962500,-104.140000,180.000000,top
"C7","100n","C_0603_1608Metric_Pad1.08x0.95mm_HandSolder",185.012500,-104.140000,180.000000,top
"R1","1k","R_0603_1608Metric_Pad0.98x0.95mm_HandSolder",118.110000,-81.280000,0.000000,top
"R2","1k","R_0603_1608Metric_Pad0.98x0.95mm_HandSolder",118.110000,-86.360000,0.000000,top
"R3","1k","R_0603_1608Metric_Pad0.98x0.95mm_HandSolder",118.110000,-91.440000,0.000000,top
"R4","1k","R_0603_1608Metric_Pad0.98x0.95mm_HandSolder",133.350000,-93.980000,180.000000,top
"R5","1k","R_0603_1608Metric_Pad0.98x0.95mm_HandSolder",133.350000,-88.900000,180.000000,top
"R6","1k","R_0603_1608Metric_Pad0.98x0.95mm_HandSolder",133.350000,-81.280000,180.000000,top
"R7","1k","R_0603_1608Metric_Pad0.98x0.95mm_HandSolder",118.110000,-111.760000,0.000000,top
"R8","1k","R_0603_1608Metric_Pad0.98x0.95mm_HandSolder",118.110000,-116.840000,0.000000,top
"R9","1k","R_0603_1608Metric_Pad0.98x0.95mm_HandSolder",118.110000,-121.920000,0.000000,top
"R10","1k","R_0603_1608Metric_Pad0.98x0.95mm_HandSolder",133.350000,-124.460000,180.000000,top
"R11","1k","R_0603_1608Metric_Pad0.98x0.95mm_HandSolder",133.350000,-119.380000,180.000000,top
"R12","1k","R_0603_1608Metric_Pad0.98x0.95mm_HandSolder",133.350000,-111.760000,180.000000,top
"R13","330","R_0603_1608Metric_Pad0.98x0.95mm_HandSolder",161.290000,-78.740000,180.000000,top
"R14","R","R_0603_1608Metric_Pad0.98x0.95mm_HandSolder",161.290000,-83.820000,180.000000,top
"R15","R","R_0603_1608Metric_Pad0.98x0.95mm_HandSolder",161.290000,-88.900000,180.000000,top
"R16","330","R_0603_1608Metric_Pad0.98x0.95mm_HandSolder",176.530000,-91.440000,0.000000,top
"R17","R","R_0603_1608Metric_Pad0.98x0.95mm_HandSolder",176.530000,-86.360000,0.000000,top
"R18","R","R_0603_1608Metric_Pad0.98x0.95mm_HandSolder",176.530000,-78.740000,0.000000,top
"R19","330","R_0603_1608Metric_Pad0.98x0.95mm_HandSolder",180.340000,-78.740000,180.000000,top
"R20","R","R_0603_1608Metric_Pad0.98x0.95mm_HandSolder",180.340000,-83.820000,180.000000,top
"R21","R","R_0603_1608Metric_Pad0.98x0.95mm_HandSolder",180.340000,-88.900000,180.000000,top
"R22","330","R_0603_1608Metric_Pad0.98x0.95mm_HandSolder",195.580000,-91.440000,0.000000,top
"R23","R","R_0603_1608Metric_Pad0.98x0.95mm_HandSolder",195.580000,-86.360000,0.000000,top
"R24","R","R_0603_1608Metric_Pad0.98x0.95mm_HandSolder",195.580000,-78.740000,0.000000,top
"R25","330","R_0603_1608Metric_Pad0.98x0.95mm_HandSolder",161.290000,-109.220000,180.000000,top
"R26","R","R_0603_1608Metric_Pad0.98x0.95mm_HandSolder",161.290000,-114.300000,180.000000,top
"R27","R","R_0603_1608Metric_Pad0.98x0.95mm_HandSolder",161.290000,-119.380000,180.000000,top
"R28","0","R_0603_1608Metric_Pad0.98x0.95mm_HandSolder",176.530000,-121.920000,0.000000,top
"R29","0","R_0603_1608Metric_Pad0.98x0.95mm_HandSolder",176.530000,-116.840000,0.000000,top
"R30","R","R_0603_1608Metric_Pad0.98x0.95mm_HandSolder",176.530000,-109.220000,0.000000,top
"R31","330","R_0603_1608Metric_Pad0.98x0.95mm_HandSolder",180.340000,-109.220000,180.000000,top
"R32","R","R_0603_1608Metric_Pad0.98x0.95mm_HandSolder",180.340000,-114.300000,180.000000,top
"R33","R","R_0603_1608Metric_Pad0.98x0.95mm_HandSolder",180.340000,-119.380000,180.000000,top
"R34","0","R_0603_1608Metric_Pad0.98x0.95mm_HandSolder",195.580000,-121.920000,0.000000,top
"R35","0","R_0603_1608Metric_Pad0.98x0.95mm_HandSolder",195.580000,-116.840000,0.000000,top
"R36","R","R_0603_1608Metric_Pad0.98x0.95mm_HandSolder",195.580000,-109.220000,0.000000,top
